Price,Space Ft2,Bedroom,Bathroom,Furnished,Laundry,Housing Type,Parking,Zipcode,Exterior,KitchenApp,KitchenWall,KitchenFloor,KitchenFurn,LivingWall,LivingFloor,LivingFurn,BedWall,BedFloor,BedFurn,BathWall,BathFloor,BathFurn,StudentHousing,interior
650,850,20,10,0,0,1,0,13790,2,2,3,3,2,3,3,2,3,3,2,3,3,2,0,34
650,600,10,10,0,3,1,4,13827,3,2,2,3,2,3,3,2,3,3,2,3,3,2,0,33
875,700,10,10,0,1,1,4,13045,2,2,2,3,2,3,3,2,3,2,1,3,3,2,0,31
1100,2120,30,15,0,2,1,2,13760,2,2,2,3,2,3,3,1,2,2,1,3,3,2,0,29
900,800,20,10,1,1,1,4,13905,2,2,2,3,2,3,3,2,3,3,3,3,2,2,0,33
2400,2000,30,25,0,4,0,0,13905,2,2,2,3,3,3,3,2,3,3,2,3,3,2,0,34
997,1344,30,20,0,4,10,4,13827,2,2,2,3,2,3,2,1,3,3,1,3,3,2,0,30
3400,3000,80,30,0,3,0,4,13905,2,2,2,3,2,3,2,3,2,2,2,3,3,2,0,31
725,800,20,10,0,1,9,4,13901,2,2,2,3,2,3,3,2,3,2,1,3,3,2,0,31
997,1344,30,20,0,4,10,4,13827,1,2,2,3,3,3,2,2,2,3,1,2,3,2,0,30
420,144,10,10,1,0,1,4,13760,1,1,2,1,2,3,3,2,2,1,2,2,1,1,0,23
650,154,10,10,1,0,1,4,13760,1,2,2,2,2,3,3,2,3,2,2,2,2,1,0,28
695,750,20,10,0,0,1,0,13901,2,2,2,3,2,3,2,1,3,2,2,3,3,2,0,30
1000,1100,30,10,0,4,0,4,13903,2,2,2,3,3,3,3,3,3,2,2,3,3,2,0,34
1196,1697,30,20,0,4,0,0,13068,2,2,2,3,3,3,3,2,3,3,2,3,3,2,0,34
1000,1300,30,10,0,4,0,2,13838,2,2,2,3,3,3,3,2,3,3,2,3,3,2,0,34
850,1100,10,10,0,1,1,7,13901,2,2,3,3,3,3,3,1,3,3,1,3,3,3,0,34
700,460,10,10,1,0,1,4,13815,2,2,2,3,3,3,3,2,3,3,2,3,3,2,0,34
2750,1900,50,20,1,3,0,4,13905,2,2,2,3,3,3,2,3,3,2,2,3,3,2,0,33
795,1080,30,10,0,4,1,4,13760,2,2,2,3,3,3,3,2,3,3,2,3,3,2,0,34
950,1100,30,15,0,3,1,4,13790,2,3,2,3,2,3,3,1,3,3,1,3,3,2,0,32
900,1810,30,20,1,2,0,2,13905,2,2,3,3,2,3,3,2,3,3,1,3,3,2,0,33
1200,2442,40,15,1,2,0,4,13905,3,2,2,3,3,3,3,3,3,3,3,3,3,3,0,37
1400,1400,40,15,1,4,0,4,13903,3,2,2,3,3,3,2,3,3,2,3,3,3,3,0,35
1700,2000,40,10,1,3,1,4,13905,3,3,3,3,3,3,3,2,3,3,2,3,3,2,0,36
675,800,30,10,0,0,1,4,13760,3,2,2,3,2,3,3,2,3,3,1,3,3,2,0,32
550,800,20,10,0,2,1,4,13827,2,2,2,3,2,3,3,1,3,3,1,3,3,2,0,31
1300,1800,40,20,1,2,0,4,13905,2,2,2,3,2,3,3,2,3,2,2,3,3,2,0,32
1500,1800,50,25,1,2,0,4,13905,3,2,2,3,3,3,3,2,3,2,2,3,3,2,0,33
1250,1725,30,30,0,4,0,1,13903,3,2,2,3,2,3,3,1,3,2,1,3,3,2,0,30
1000,1100,30,10,0,4,0,4,13903,2,2,2,3,2,3,3,2,3,2,2,3,3,2,0,32
525,550,10,10,0,4,1,4,13760,2,2,2,3,2,3,3,2,3,3,2,3,3,2,0,33
889,1606,30,20,0,4,1,0,14469,2,2,2,3,3,3,3,2,3,3,2,3,3,2,0,34
1122,1810,30,20,0,4,1,0,13045,2,2,2,3,3,3,3,2,3,3,2,3,3,2,0,34
725,880,30,15,0,4,10,4,13850,2,2,2,3,2,3,2,1,3,3,2,3,3,2,0,31
700,1000,20,10,0,5,1,4,13905,2,2,3,3,2,3,3,1,3,3,1,3,3,2,0,32
495,500,10,10,0,1,1,4,13760,2,2,2,3,3,3,3,2,3,3,2,3,3,2,0,34
1400,2000,40,20,0,3,0,4,13790,2,3,2,3,3,3,3,3,3,3,2,3,3,3,0,37
900,1100,30,10,0,4,1,4,13903,2,3,2,3,3,3,2,3,3,2,2,3,3,3,0,35
2000,2000,60,20,1,1,0,4,13905,2,2,3,3,2,3,2,2,3,2,2,3,3,2,0,32
1275,2300,40,25,0,4,0,4,13815,3,2,2,3,3,3,3,3,3,2,2,3,3,2,0,34
950,1100,30,15,0,3,1,0,13790,2,3,2,3,2,3,3,1,3,3,1,3,3,3,0,33
1700,2044,30,20,0,3,0,2,13760,2,3,3,3,2,3,3,3,3,2,1,3,3,2,0,34
800,1738,30,20,0,0,0,0,13905,3,2,2,3,3,3,3,2,3,3,2,3,3,2,0,34
750,1010,20,10,0,0,1,4,13903,2,2,2,3,3,3,2,1,3,3,1,3,3,3,0,32
1600,2100,40,20,0,0,0,0,13903,2,2,2,3,2,3,3,1,3,3,2,3,3,2,0,32
1375,2268,40,25,0,4,0,2,13790,3,2,3,3,2,3,3,2,3,2,1,3,3,2,0,32
1200,1454,40,15,0,4,0,3,13903,2,2,2,3,3,3,2,1,3,2,1,3,3,2,0,30
925,1362,30,10,0,4,0,3,13760,2,2,2,3,2,3,3,1,3,3,2,3,3,2,0,32
950,900,30,15,0,0,1,0,13827,3,2,2,3,2,3,3,1,3,2,1,3,3,2,0,30
1500,1500,40,20,1,3,1,4,13901,3,2,2,3,2,3,3,3,3,3,2,2,3,2,0,33
950,1100,30,10,0,0,1,0,13045,2,2,2,3,2,3,3,2,3,3,2,3,3,2,0,33
1400,1350,40,10,1,3,1,4,13905,3,3,3,3,2,3,3,1,3,3,2,3,3,2,0,34
950,1100,30,15,0,0,0,0,13790,2,3,2,3,2,3,3,2,3,3,3,3,3,2,0,35
650,850,20,10,0,2,1,4,13790,2,2,2,3,3,3,2,1,3,2,1,3,3,3,0,31
1100,1000,20,10,1,3,1,4,13905,2,3,2,3,2,3,3,2,3,3,3,3,3,3,0,36
3150,3500,70,50,1,3,0,4,13905,2,3,2,3,3,3,3,3,3,3,2,3,3,3,0,37
2250,2200,50,20,1,2,4,4,13905,2,2,2,3,2,3,3,3,3,3,3,3,3,3,0,36
1155,1350,30,10,1,1,4,3,13905,3,2,3,3,3,3,3,2,3,3,2,3,3,2,0,35
725,850,20,10,0,2,9,4,13901,2,2,2,3,3,3,3,2,3,3,2,3,3,2,0,34
900,1250,30,10,0,1,1,4,13905,3,2,2,3,3,3,3,2,3,3,1,3,3,2,0,33
700,700,10,10,1,3,1,4,13905,3,2,2,3,2,3,2,2,3,2,2,3,3,2,0,31
2450,3000,70,40,1,2,0,4,13901,2,2,2,3,2,3,3,2,3,3,2,3,3,2,0,33
960,1000,30,10,1,0,1,4,13905,2,2,2,3,3,3,3,2,3,3,2,3,3,2,0,34
800,850,20,10,0,0,1,4,13790,2,2,2,3,3,3,3,2,3,3,2,3,3,2,0,34
650,800,10,10,0,3,1,4,13827,2,2,2,3,3,3,2,1,3,2,1,3,3,2,0,30
4500,3600,80,35,1,3,1,4,13905,3,3,2,3,3,3,2,2,3,2,1,3,3,3,0,33
734,1302,40,20,1,3,1,4,13850,3,3,2,3,3,3,3,3,3,3,3,3,3,3,0,38
1200,1200,20,15,0,3,1,0,13827,2,2,2,3,3,3,3,2,3,3,2,3,3,2,0,34
3325,3500,70,40,1,3,0,4,13905,2,3,2,3,2,3,3,2,3,3,1,3,3,2,0,33
750,675,10,10,0,1,1,4,13905,2,2,3,3,2,3,2,1,3,2,1,3,3,2,0,30
1425,1600,30,20,0,3,1,4,13905,2,3,3,3,3,3,3,2,3,3,2,3,3,2,0,36
2000,2500,50,20,1,1,0,4,13905,3,2,2,3,3,3,3,2,3,3,3,3,3,2,0,35
1875,2100,50,10,1,1,0,4,13905,3,2,2,3,3,3,2,2,3,2,3,3,3,2,0,33
850,1030,30,20,0,0,1,0,13903,3,2,2,3,3,3,3,2,3,3,2,3,3,2,0,34
2000,2200,40,15,0,2,0,4,13905,2,3,3,3,3,3,3,2,3,3,3,3,3,2,0,37
1155,1350,30,10,1,1,1,3,13905,2,2,3,3,3,3,3,2,3,3,3,3,3,2,0,36
1600,2050,40,20,0,0,0,0,13901,2,2,2,3,2,3,3,2,3,3,2,3,3,2,0,33
1300,2400,40,20,1,3,0,4,13905,3,2,2,3,2,3,3,2,3,2,2,3,3,2,0,32
1275,1500,30,10,1,3,1,4,13905,2,2,2,3,3,3,3,2,3,3,2,3,3,2,0,34
2450,2800,70,20,1,3,1,4,13905,3,2,2,3,2,3,2,2,3,3,2,3,3,2,0,32
2200,5000,40,20,1,3,0,4,13905,2,2,2,3,3,3,3,2,3,3,2,3,3,2,0,34
650,1000,20,10,0,5,1,4,13760,3,2,2,3,2,3,2,1,3,2,1,3,3,2,0,29
550,600,10,10,0,1,1,4,13760,2,2,2,3,2,3,3,1,3,3,1,3,3,2,0,31
485,500,10,10,0,5,1,4,13790,2,2,2,3,2,3,2,2,3,2,2,3,3,2,0,31
735,1100,20,10,0,3,1,4,13901,2,3,2,3,2,3,3,1,3,2,1,3,3,2,0,31
330,250,10,10,0,1,0,4,13760,2,2,2,3,2,3,3,1,3,3,2,3,3,2,0,32
650,620,20,10,0,4,1,4,13904,2,2,2,3,2,3,3,1,3,3,1,3,3,2,0,31
2375,2400,50,30,1,3,0,4,13905,2,3,2,3,3,3,3,2,3,3,1,3,3,2,0,34
550,700,10,10,1,1,1,4,13905,3,2,2,3,2,3,3,2,3,3,2,3,3,2,0,33
410,600,10,10,0,5,1,4,13790,2,2,2,3,3,3,3,2,3,3,2,3,3,2,0,34
400,500,10,10,0,0,1,4,13760,2,2,2,3,3,3,3,2,3,3,2,3,3,2,0,34
1500,2000,50,20,1,1,1,4,13905,3,2,2,3,3,3,3,2,3,3,2,3,3,2,0,34
1600,2400,40,25,0,3,0,4,13905,3,2,2,3,3,3,3,2,3,3,2,3,3,2,0,34
1250,1750,30,30,0,4,0,1,13903,3,2,2,3,3,3,3,1,3,3,1,3,3,2,0,32
984,1591,30,20,0,4,0,0,13670,2,2,2,3,3,3,3,2,3,3,2,3,3,2,0,34
1095,900,10,10,0,4,1,0,13903,2,2,2,3,3,3,3,2,3,3,2,3,3,2,0,34
575,350,10,10,1,5,1,4,13901,2,2,3,3,2,3,3,2,3,2,2,3,3,2,0,33
1000,2200,30,20,0,3,0,3,13904,3,3,3,3,2,3,2,2,3,2,2,3,3,2,0,33
675,980,20,20,0,4,10,4,13787,2,2,2,3,2,3,2,2,3,2,2,3,3,2,0,31
650,700,10,10,0,0,1,4,13862,2,2,2,3,2,3,3,1,3,2,1,3,3,2,0,30
1525,1200,40,10,0,3,0,4,13790,2,2,2,3,3,3,3,2,3,3,2,3,3,3,0,35
900,1014,20,10,1,5,0,0,13905,3,2,2,3,3,3,2,2,3,3,2,3,3,2,0,33
1125,1100,30,15,0,3,4,4,13760,3,2,2,3,3,3,2,1,3,2,1,3,3,3,0,31
760,1000,20,10,0,0,1,0,13905,2,2,2,3,3,3,3,2,3,3,2,3,3,2,0,34
675,1100,10,15,1,4,0,4,14892,2,2,2,3,2,3,3,2,3,3,2,3,3,2,0,33
450,200,10,10,0,0,1,0,13760,2,2,2,3,3,3,3,2,3,3,2,3,3,2,0,34
875,1000,30,10,0,2,0,4,13850,3,2,2,3,2,3,3,1,3,3,1,3,3,2,0,31
775,1100,30,10,0,0,1,0,13760,2,2,3,3,3,3,3,2,3,3,2,3,3,2,0,35
875,560,20,10,0,3,0,4,13802,2,2,2,3,2,3,3,1,3,2,1,3,3,2,0,30
540,650,10,10,0,0,1,4,13760,2,2,2,3,3,3,3,1,3,3,2,3,3,2,0,33
1155,1350,30,10,1,1,1,3,13905,2,2,2,3,3,3,3,2,3,3,2,3,3,2,0,34
2000,2300,50,15,0,3,0,2,13905,2,3,2,3,3,3,3,2,3,3,2,3,3,2,0,35
2750,2000,50,20,1,3,0,1,13905,2,2,2,3,3,3,2,2,3,2,2,3,3,2,0,32
650,900,20,10,0,1,1,4,13760,2,2,2,3,3,3,3,1,3,3,1,3,3,2,0,32
650,900,20,0,0,2,1,4,13760,2,2,2,3,3,3,3,1,3,3,1,3,3,2,0,32
725,900,10,10,0,1,1,4,13760,2,2,2,3,3,3,3,1,3,3,1,3,3,2,0,32
750,1098,20,20,0,4,4,4,13760,3,2,2,3,3,3,2,2,3,2,2,3,3,2,0,32
2900,2600,80,20,0,1,1,4,13045,2,2,2,3,3,3,3,2,3,2,2,3,3,2,0,33
1200,1350,30,10,1,1,0,4,13905,3,2,2,3,3,3,3,2,3,2,2,3,3,2,0,33
1155,1350,30,10,1,1,4,3,13905,2,2,2,3,3,3,3,2,3,3,2,3,3,2,0,34
1245,1089,20,20,0,0,1,0,13905,2,2,2,3,3,3,3,2,3,3,2,3,3,2,0,34
620,800,10,10,0,5,4,0,13905,2,2,2,3,3,3,3,2,3,3,2,3,3,2,0,34
900,1300,20,10,0,4,4,2,13748,3,2,2,3,3,3,3,2,3,3,2,3,3,2,0,34
775,800,20,10,0,1,1,4,13903,2,2,2,3,3,3,2,1,3,2,1,3,3,2,0,30
750,925,20,10,0,1,1,4,13045,2,2,2,3,3,3,2,1,3,2,1,3,2,2,0,29
775,1200,30,10,1,2,1,4,13903,2,2,2,3,3,3,2,2,3,2,2,3,3,2,0,32
600,1050,10,10,1,2,1,4,13903,2,2,2,3,3,3,2,2,3,2,2,3,3,2,0,32
650,1200,20,10,1,1,1,4,13905,2,2,2,3,3,3,3,2,3,3,2,3,3,2,0,34
775,800,20,10,0,1,1,4,13865,2,2,2,3,3,3,2,2,3,2,1,3,3,2,0,31
2750,2000,50,20,1,3,0,1,13903,3,2,2,3,3,3,2,2,3,2,2,3,3,2,0,32
800,1320,30,20,0,0,0,0,13905,3,2,2,3,3,3,3,2,3,3,2,3,3,2,0,34
2200,3000,80,20,1,3,0,4,13905,3,2,2,3,3,3,3,2,3,3,2,3,3,2,0,34
600,1500,10,10,0,3,1,4,13905,2,2,2,3,3,3,3,2,3,3,2,3,3,2,0,34
1050,1200,30,10,0,1,1,4,13905,2,2,2,3,2,3,3,2,3,3,2,3,3,2,0,33
3325,3500,70,40,1,3,0,4,13905,3,2,2,3,3,3,3,2,3,3,2,3,3,2,0,34
1400,1500,40,10,0,3,1,4,13905,2,2,2,3,3,3,3,2,3,3,2,3,3,3,0,35
775,900,20,10,0,0,0,0,13760,2,2,2,3,3,3,3,1,3,2,1,3,3,2,0,31
1700,2500,40,30,0,3,0,2,13850,3,3,2,3,3,3,3,1,3,3,1,3,3,2,0,33
700,950,30,10,0,4,1,4,13903,2,2,2,3,3,3,3,2,3,3,2,3,3,2,0,34
850,800,20,10,0,1,1,4,13795,2,3,3,3,3,3,2,1,3,2,1,3,3,2,0,32
3325,3500,70,50,1,3,0,4,13905,3,3,3,3,3,3,3,2,3,3,2,3,3,2,0,36
600,900,20,10,0,3,0,4,18818,3,2,2,3,3,3,3,2,3,2,2,3,3,2,0,33
1000,1200,30,10,0,0,0,2,13903,3,3,3,3,3,3,3,2,3,3,2,3,3,2,0,36
675,700,10,10,0,0,1,3,13905,2,2,2,3,3,3,3,2,3,3,2,3,3,2,0,34
675,700,10,10,1,0,1,3,13905,2,2,2,3,3,3,3,2,3,3,2,3,3,2,0,34
725,850,20,10,0,4,9,4,13903,2,2,2,3,3,3,3,2,3,3,2,3,3,2,0,34
800,900,20,10,0,0,1,4,13815,2,2,2,3,3,3,2,1,3,2,1,3,3,2,0,30
800,870,20,10,0,2,1,4,13850,2,3,2,3,3,3,2,1,3,2,1,3,3,2,0,31
750,870,20,10,0,2,1,4,13850,2,2,2,3,3,3,3,2,3,3,2,3,3,2,0,34
725,1200,20,10,0,4,1,4,13903,2,2,2,3,3,3,2,1,3,3,2,3,3,2,0,32
1140,825,20,10,0,0,0,0,13790,2,2,2,3,3,3,3,2,3,3,2,3,3,2,0,34
3500,2500,70,20,1,3,1,4,13905,2,2,3,3,3,3,3,2,3,3,1,3,3,2,0,34
750,800,20,10,0,0,1,4,13790,2,2,2,3,3,3,3,2,3,3,2,3,3,2,0,34
825,1800,30,10,0,4,1,4,13903,2,2,2,3,3,3,3,2,3,3,2,3,3,2,0,34
3000,4700,40,35,0,2,0,2,13760,3,2,2,3,3,3,3,2,3,3,2,3,3,2,0,34
2250,2600,60,20,1,3,0,4,13901,3,3,2,3,3,3,2,2,3,3,2,3,3,2,0,34
2900,2400,80,20,1,1,1,4,13045,2,2,2,3,3,3,2,2,3,2,2,3,3,2,0,32
725,850,20,10,0,4,9,4,13901,2,2,2,3,3,3,3,2,3,3,2,3,3,2,0,34
800,800,20,10,0,4,1,4,13905,2,2,2,3,3,3,3,2,3,3,2,3,3,2,0,34
800,900,20,10,0,4,1,4,13905,2,2,2,2,3,3,3,1,3,3,1,3,3,2,0,31
750,600,10,10,0,1,1,4,13790,2,3,3,3,3,3,3,1,3,3,1,3,3,2,0,34
900,1000,20,10,0,4,1,4,13905,2,2,2,3,3,3,3,1,3,2,1,3,3,2,0,31
1395,1725,50,20,0,5,0,4,13905,2,2,2,3,3,3,2,1,3,2,1,3,3,2,0,30
1200,2600,60,25,0,4,0,2,13827,2,3,3,2,3,3,2,1,3,2,1,3,3,2,0,31
685,1000,20,15,0,4,1,4,18840,2,2,2,3,3,3,3,2,3,3,2,3,3,2,0,34
900,1300,20,10,0,4,1,2,13784,2,2,2,3,3,3,3,2,3,3,2,3,3,2,0,34
595,570,20,10,0,1,1,4,13827,2,2,2,3,3,3,3,1,3,3,1,3,3,2,0,32
2250,2400,50,20,1,3,0,4,13905,2,3,2,3,3,3,3,1,3,3,2,3,3,3,0,35
850,800,20,10,0,1,1,4,13903,2,3,3,3,3,3,3,2,3,3,2,3,3,2,0,36
900,1810,30,20,1,2,0,2,13905,3,3,3,3,3,3,3,2,3,3,1,3,3,2,0,35
1900,2800,30,20,1,3,0,4,13827,3,2,2,3,3,3,3,2,3,3,2,3,3,2,0,34
750,1000,20,10,0,4,1,4,13904,2,2,2,3,3,3,3,2,3,3,2,3,3,2,0,34
675,900,20,10,0,1,1,4,13903,2,2,2,3,3,3,1,1,3,1,1,3,3,2,0,28
600,450,10,10,0,1,1,4,13903,2,2,2,3,3,3,3,1,3,3,1,3,3,2,0,32
725,850,20,10,0,2,9,4,13901,2,2,2,3,3,3,3,2,3,3,2,3,3,2,0,34
600,450,10,10,0,0,1,4,13903,2,2,2,3,3,3,3,2,3,3,2,3,3,2,0,34
650,650,10,10,0,0,1,4,13045,2,2,2,3,3,3,2,1,3,2,1,3,3,2,0,30
775,775,20,10,0,0,0,0,13790,3,3,2,3,3,3,3,1,2,2,1,3,3,2,0,31
770,410,10,10,1,1,1,0,13905,2,2,3,3,3,3,3,1,3,3,1,3,3,2,0,33
600,250,10,10,0,0,1,2,13903,2,2,2,3,3,3,3,2,3,2,1,3,3,2,0,32
650,900,20,10,0,3,10,4,13733,2,2,2,3,2,3,2,1,3,2,1,3,3,2,0,29
950,1248,30,10,0,3,1,0,13901,2,2,2,3,3,3,3,1,3,3,1,3,3,2,0,32
750,875,20,10,0,1,1,4,13862,2,2,2,3,3,3,2,1,3,2,1,3,3,2,0,30
925,1400,30,20,0,4,4,4,13760,3,2,2,3,3,3,2,1,3,2,1,3,3,2,0,30
3850,2500,70,30,1,3,0,4,13905,2,3,2,3,3,3,3,2,3,3,2,3,3,3,0,36
1200,1200,40,10,0,1,1,4,13905,2,2,2,3,3,3,3,2,3,3,2,3,3,2,0,34
2400,3000,60,20,0,1,0,4,13903,2,2,2,3,3,3,3,2,3,3,2,3,3,2,0,34
1750,1917,50,25,0,2,0,3,13905,3,3,3,3,3,3,3,1,3,3,1,3,3,2,0,34
950,1450,30,15,0,4,0,3,13903,2,2,2,3,3,3,3,2,3,3,2,3,3,2,0,34
3325,2800,70,20,1,3,0,4,13905,2,3,3,3,3,3,3,3,3,3,2,3,3,3,0,38
3150,2500,60,25,1,3,1,4,13905,2,3,2,3,3,3,3,3,3,3,2,3,3,2,0,36
4400,3300,80,45,1,3,0,4,13905,2,3,2,3,3,3,3,2,3,3,2,3,3,2,0,35
600,600,10,10,0,1,1,0,13790,2,2,2,3,3,3,3,2,3,3,2,3,3,2,0,34
750,950,10,10,0,0,1,0,13827,2,2,2,3,3,3,2,1,3,3,2,3,3,2,0,32
930,880,20,10,0,1,1,4,13850,2,2,3,3,3,3,3,2,3,2,2,3,3,2,0,34
1000,1021,30,10,0,4,0,3,13790,2,2,2,3,3,3,2,1,3,3,1,3,3,2,0,31
800,850,20,20,0,1,1,4,13760,2,2,2,3,3,3,2,1,3,2,1,3,3,2,0,30
951,1696,30,20,0,4,0,0,10024,2,2,2,3,3,3,3,2,3,3,2,3,3,2,0,34
695,800,20,10,0,2,1,4,13795,2,2,2,3,3,3,3,1,3,2,1,3,3,2,0,31
900,1200,20,10,0,3,1,2,13903,2,2,2,3,3,3,3,2,3,3,2,3,3,2,0,34
1200,1000,10,20,1,3,1,4,13901,2,3,2,3,3,3,3,2,3,3,1,3,3,2,0,34
1000,1100,30,10,0,4,0,4,13903,2,2,2,3,2,3,3,1,3,2,2,3,3,2,0,31
775,1290,20,10,0,4,1,4,13778,2,3,2,3,3,3,3,1,3,3,1,3,3,2,0,33
600,1000,20,10,1,3,1,0,13905,2,2,2,3,3,3,3,2,3,3,2,3,3,2,0,34
2850,2500,60,40,1,3,0,4,13905,3,2,2,3,3,3,3,2,3,3,2,3,3,2,0,34
2900,2400,80,20,0,1,1,4,13045,2,2,2,3,3,3,2,2,3,2,2,3,3,2,0,32
700,700,10,10,1,3,1,4,13905,2,2,2,3,3,3,2,2,3,2,2,3,3,2,0,32
750,1000,20,10,1,2,1,4,13905,2,3,3,3,3,3,3,2,3,3,2,3,3,2,0,36
1200,1600,30,10,1,1,1,4,13905,2,3,3,3,3,3,3,2,3,3,2,3,3,2,0,36
650,800,20,10,0,2,1,4,13827,2,2,2,3,2,3,2,1,3,3,1,3,3,2,0,30
690,840,30,10,0,4,10,4,13730,2,3,2,3,3,3,3,1,3,2,1,3,3,2,0,32
725,880,30,15,0,4,10,4,13862,2,2,2,3,3,3,3,2,3,3,1,3,3,2,0,33
1100,900,20,20,1,0,1,4,13733,2,3,3,3,3,3,3,2,3,3,2,3,3,2,0,36
575,600,10,10,0,5,1,4,13903,2,2,3,3,3,3,2,1,3,2,1,3,3,2,0,31
675,900,10,10,0,0,0,0,13790,3,3,3,3,3,3,3,2,3,3,1,3,3,2,0,35
700,800,20,10,0,5,1,4,13790,2,2,2,3,3,3,3,2,3,3,2,3,3,2,0,34
630,600,20,10,0,1,1,4,13903,2,2,2,3,3,3,3,2,3,3,2,3,3,2,0,34
900,1218,30,10,0,4,0,2,13760,2,2,2,3,3,3,3,1,3,3,1,3,3,2,0,32
650,700,10,10,0,0,1,0,13901,2,2,2,3,3,3,3,1,3,3,1,3,3,2,0,32
700,1694,40,20,0,3,0,2,13905,2,2,2,3,3,3,3,1,3,3,2,3,3,2,0,33
550,600,10,10,1,2,1,4,13827,2,2,2,3,2,3,2,1,3,2,1,3,3,2,0,29
1050,1000,20,10,0,3,1,4,13760,2,3,2,3,3,3,3,1,3,3,1,3,3,3,0,34
1000,2225,50,20,0,1,0,2,13904,2,2,2,3,3,3,3,2,3,3,2,3,3,2,0,34
702,980,20,10,0,4,10,4,13827,2,2,3,3,3,3,2,1,3,2,1,3,3,2,0,31
700,980,20,10,0,4,10,4,13827,3,2,2,3,3,3,2,1,3,2,1,3,3,2,0,30
773,1064,30,20,0,4,10,4,13787,2,2,2,3,3,3,3,2,3,3,2,3,3,2,0,34
600,1000,20,10,1,2,1,0,13905,2,3,2,3,3,3,3,1,3,3,1,3,3,2,0,33
1000,1100,30,10,0,4,0,4,13903,2,2,2,3,3,3,3,1,3,3,2,3,3,2,0,33
2000,1900,40,20,0,1,0,4,18822,2,2,2,3,3,3,3,2,3,3,2,3,3,2,0,34
695,900,20,10,1,3,1,4,13905,2,2,2,3,3,3,3,2,3,3,2,3,3,2,0,34
850,1200,20,10,1,3,1,4,13905,2,2,2,3,3,3,3,2,3,3,2,3,3,2,0,34
2150,2000,50,20,1,3,0,4,13905,2,3,3,3,3,3,3,2,3,3,2,3,3,2,0,36
1100,750,20,10,1,3,1,4,13905,2,3,2,3,3,3,3,2,3,3,2,3,3,2,0,35
900,700,20,10,1,3,1,4,13905,2,3,3,3,3,3,3,2,3,3,2,3,3,2,0,36
625,715,10,10,0,0,1,4,13760,2,2,2,3,2,3,3,1,3,3,1,3,3,2,0,31
400,1800,40,20,1,2,4,4,13905,2,2,3,3,3,3,3,2,3,3,2,3,3,2,0,35
595,700,10,10,0,0,1,0,13901,3,2,2,3,3,3,3,1,3,3,1,3,3,2,0,32
800,1000,20,10,0,0,1,0,13905,2,3,3,3,2,3,3,1,3,2,1,3,3,2,0,32
775,800,20,10,0,1,1,4,13865,2,2,2,3,3,3,2,1,3,2,1,3,3,2,0,30
850,600,10,10,1,2,1,0,13901,2,2,3,3,3,3,3,2,3,3,2,3,3,3,0,36
790,800,20,10,0,1,1,4,18821,2,2,2,3,2,3,2,1,3,2,1,3,3,2,0,29
650,1000,30,10,0,4,4,4,13827,2,2,2,3,3,2,2,1,2,2,1,2,3,2,0,27
425,1200,40,0,0,0,1,0,13905,3,2,2,3,3,3,3,2,3,3,2,3,3,2,0,34
700,2000,40,20,0,0,1,0,13901,2,3,3,3,3,3,3,2,3,3,2,3,2,3,0,36
1175,1800,40,20,0,3,0,1,13761,3,3,3,3,2,3,3,1,3,3,1,3,3,2,0,33
650,525,10,10,0,5,1,4,13827,2,2,2,3,3,3,2,1,3,2,1,3,3,2,0,30
800,1300,30,10,0,5,1,4,13760,2,2,3,3,3,3,3,1,3,3,1,3,3,2,0,33
800,1280,30,20,0,3,10,3,13777,2,2,2,3,3,3,2,1,3,2,1,3,3,2,0,30
750,875,20,10,0,1,1,4,13797,2,2,2,3,3,3,2,1,3,3,1,3,3,2,0,31
575,700,10,10,0,5,1,4,13905,2,2,2,3,3,3,3,2,3,3,2,3,3,2,0,34
650,1000,20,10,0,0,1,4,13903,2,2,2,3,3,3,3,1,3,3,1,3,3,2,0,32
1068,1459,30,20,0,3,5,2,13904,3,3,3,3,3,3,3,1,3,3,1,3,3,2,0,34
1100,1786,40,15,0,3,0,2,13827,3,2,2,3,3,3,2,1,3,2,1,3,3,2,0,30
775,800,20,10,0,1,1,4,13865,2,2,2,3,3,3,2,1,3,2,1,3,3,2,0,30
750,625,10,10,0,0,1,0,13905,2,2,3,3,3,3,2,1,3,3,1,3,3,2,0,32
1200,1000,10,10,1,3,1,4,13901,2,3,3,3,2,3,3,2,3,3,2,3,3,2,0,35
700,825,20,10,0,5,1,7,13905,2,2,2,3,3,3,3,1,3,3,1,3,3,2,0,32
375,2100,50,20,0,1,0,4,13905,3,2,2,3,3,3,2,2,3,2,2,3,3,2,0,32
325,4860,40,10,1,1,1,4,13905,2,2,2,3,3,3,3,2,3,3,2,3,3,2,0,34
775,1040,20,10,0,1,4,3,13790,3,2,2,3,3,3,3,2,3,3,2,3,3,2,0,34
1500,1500,60,20,0,4,0,2,13850,3,2,2,3,3,3,3,1,3,2,1,3,3,2,0,31
575,600,10,10,0,2,1,4,13760,2,2,2,3,3,3,3,1,3,3,1,3,3,2,0,32
425,2850,0,30,0,0,1,0,13905,2,2,2,3,3,3,3,1,3,3,2,3,3,2,0,33
725,900,20,10,0,0,4,4,13760,2,2,2,3,3,3,2,1,3,2,1,3,3,2,0,30
425,1200,40,10,0,0,1,0,13905,2,2,2,3,3,3,3,2,3,3,2,3,3,2,0,34
700,2850,40,10,0,0,1,0,13901,2,3,2,3,3,3,3,2,3,3,2,3,3,2,0,35
2000,2175,30,20,1,3,1,2,13760,2,3,3,3,3,3,2,2,3,2,2,3,3,3,0,35
575,200,10,10,0,5,1,4,13730,3,2,2,3,3,3,3,1,3,2,1,3,3,2,0,31
725,900,20,10,0,0,4,4,13760,2,2,2,3,3,3,2,1,3,2,1,3,3,2,0,30
650,640,20,10,0,5,0,4,13760,3,2,2,3,3,3,2,1,3,2,1,3,3,2,0,30
975,1000,20,15,0,4,1,2,14905,2,3,2,3,3,3,3,1,3,2,1,3,3,2,2,32
1250,1300,30,20,0,3,4,4,14859,3,3,3,3,3,3,3,1,3,3,1,3,3,3,2,35
800,925,20,10,0,4,1,4,14845,2,2,2,3,3,3,2,1,3,2,1,3,3,2,2,30
695,931,30,20,0,4,10,4,14894,2,3,2,3,3,3,2,1,3,2,1,3,3,2,2,31
980,1250,10,10,1,3,1,4,14830,0,2,2,3,3,3,3,2,3,3,2,3,3,2,2,34
975,2000,20,20,0,1,1,1,14892,3,3,3,3,3,3,2,1,3,2,1,3,3,2,2,32
700,1064,30,10,0,4,1,4,14904,0,2,2,3,3,3,2,1,3,2,1,3,3,2,2,30
540,800,10,10,0,0,1,0,14830,0,2,2,3,3,3,2,1,3,2,1,3,3,2,2,30
650,800,20,10,0,4,4,4,14816,0,2,2,3,3,3,2,1,3,2,1,3,3,2,2,30
2595,2675,40,30,1,3,0,2,14905,3,3,3,3,3,3,3,2,3,2,3,3,3,3,2,37
800,1200,30,10,0,4,1,4,14830,3,2,2,3,3,3,3,1,3,3,1,3,3,2,2,32
750,600,10,10,0,3,1,0,14830,3,2,2,3,3,3,3,2,3,3,2,3,3,2,2,34
1725,1000,20,10,0,3,0,4,14818,3,3,2,3,3,3,3,1,3,3,1,3,3,2,2,33
690,1100,20,10,0,3,0,4,18848,3,2,2,3,3,3,3,1,3,3,1,3,3,2,2,32
595,500,10,10,0,3,1,4,14903,2,2,3,3,3,3,3,1,3,3,1,3,3,2,2,33
740,700,10,10,1,0,1,0,14870,2,2,2,3,3,3,3,3,3,3,3,3,3,2,2,36
285,500,10,10,1,0,1,0,18347,2,2,2,3,3,3,2,2,3,2,2,3,3,2,2,32
1250,1600,30,15,0,3,0,4,18504,3,3,2,3,3,3,3,1,3,2,1,3,3,2,2,32
805,1370,40,15,0,3,0,0,18510,3,2,2,3,3,3,3,1,3,3,1,3,3,2,2,32
2500,3500,30,25,0,4,9,2,18518,2,3,2,3,3,3,3,1,3,2,1,3,3,2,2,32
850,2100,30,10,0,3,9,4,18704,2,2,2,3,3,3,3,1,3,2,1,3,3,2,2,31
1095,2700,40,20,0,4,0,3,18704,3,3,2,3,3,3,3,1,3,3,1,3,3,2,2,33
895,2100,40,10,0,3,9,4,18704,2,3,3,3,3,3,3,1,3,2,1,3,3,2,2,33
655,785,20,10,0,4,0,4,18706,2,2,2,3,3,3,2,1,3,2,1,3,3,2,2,30
750,786,10,0,0,0,1,0,18701,2,2,2,3,3,3,2,1,3,2,1,3,3,2,2,30
700,800,20,0,0,3,1,4,18407,2,2,2,3,3,3,2,1,3,2,1,3,3,2,2,30
695,940,20,10,0,5,1,0,18510,3,2,3,3,2,3,2,1,3,2,1,3,3,2,2,30
850,1100,30,10,0,4,0,4,18508,2,2,2,3,3,3,2,1,3,2,1,3,3,2,2,30
675,750,0,10,0,3,0,4,70433,3,2,2,3,3,3,3,1,3,3,1,3,3,2,2,32
795,787,20,10,0,2,1,4,18642,2,2,2,3,3,3,3,1,3,3,1,3,3,2,2,32
700,800,20,10,0,3,1,4,18407,2,2,2,3,3,3,2,1,3,2,1,3,3,2,2,30
900,880,20,10,0,3,1,0,17815,2,2,2,3,3,3,2,2,3,2,1,3,3,2,2,31
1495,2000,30,20,0,3,1,4,18704,2,2,3,3,3,3,2,1,3,2,1,3,3,3,2,32
675,1400,20,15,0,4,0,0,12538,2,2,2,3,3,3,3,1,3,2,1,3,3,2,2,31
649,1091,10,10,1,3,1,4,17815,2,3,2,3,3,3,3,2,3,3,2,3,3,2,1,35
1100,800,20,10,0,1,1,4,18518,3,3,2,3,3,3,2,1,3,2,1,3,3,2,2,31
625,900,10,10,0,1,1,4,18505,2,2,2,3,3,3,2,1,3,3,1,3,3,2,2,31
660,900,10,10,0,2,1,1,18504,2,2,2,3,3,3,3,1,3,3,1,3,3,2,2,32
575,850,10,10,0,4,8,4,18509,2,2,2,3,3,3,3,2,3,3,2,3,3,2,2,34
1200,2000,30,20,0,4,1,0,18643,2,2,3,3,3,3,3,1,3,2,1,3,3,2,2,32
850,1200,20,10,0,4,4,4,18503,2,2,2,3,3,3,2,1,3,2,1,3,3,2,2,30
800,1200,30,10,0,4,1,4,18702,2,2,2,3,3,3,2,1,3,2,1,3,3,2,2,30
650,840,10,10,0,2,1,4,18503,2,2,2,3,3,3,3,2,3,3,2,3,3,2,2,34
800,800,20,10,0,4,0,4,18519,2,3,3,3,3,3,3,1,3,3,1,3,3,2,2,34
992,800,10,10,0,3,1,0,18508,2,3,3,3,3,3,2,1,3,2,1,3,3,2,2,32
1084,900,20,10,0,3,1,0,18508,2,3,3,3,3,3,2,1,3,2,1,3,3,2,2,32
650,800,10,10,0,5,1,4,18702,2,2,2,3,3,3,2,1,3,2,1,3,3,2,2,30
992,800,10,10,0,3,1,0,18508,2,3,3,3,3,3,2,1,3,2,1,3,3,2,2,32
1090,950,20,10,0,3,1,0,18508,2,3,2,3,3,3,2,1,3,2,1,3,3,2,2,31
700,1000,30,15,0,4,1,4,18702,2,2,2,3,3,3,3,1,3,3,1,3,3,2,2,32
1240,1000,20,15,0,2,1,4,18508,2,2,2,3,3,3,3,2,3,2,1,3,3,2,2,32
3,1000,20,0,0,4,0,4,77539,2,2,2,3,3,3,2,1,3,2,1,3,3,2,2,30
750,1000,20,15,0,4,1,4,18644,3,2,2,3,3,3,2,1,3,3,1,3,3,2,2,31
550,750,10,10,0,5,1,4,18403,2,2,2,3,3,3,2,1,3,2,1,3,3,2,2,30
1050,1000,30,20,0,4,0,4,18424,2,2,2,3,3,3,2,1,3,2,1,3,3,2,2,30
850,650,20,10,0,1,1,4,18706,3,2,2,3,3,3,2,1,3,2,1,3,3,2,2,30
625,550,10,10,0,4,0,4,18644,2,2,2,3,3,3,2,1,3,2,1,3,3,2,2,30
775,1100,20,10,0,4,0,0,18706,2,2,2,3,3,3,3,1,3,3,1,3,3,2,2,32
640,800,20,10,0,0,1,0,18505,2,2,2,3,3,3,3,1,3,3,1,3,3,2,2,32
1200,1650,40,20,0,0,0,0,18436,2,2,2,3,3,3,3,2,3,3,2,3,3,2,2,34
690,1350,30,20,0,0,0,0,18252,3,2,2,3,3,3,2,1,3,2,1,3,3,2,2,30
895,1100,20,20,0,4,4,0,18510,2,3,2,3,3,3,3,1,3,3,1,3,3,2,2,33
1000,1200,20,10,0,3,4,4,18452,3,3,3,3,3,3,3,1,3,2,1,3,3,2,2,33
500,600,10,10,0,5,1,0,18505,2,2,3,3,3,3,3,1,3,3,1,3,3,2,2,33
500,625,10,10,0,4,1,3,18407,2,3,2,3,3,3,3,1,3,3,1,3,3,2,2,33
750,1200,20,10,0,4,0,4,18705,2,2,2,3,2,3,3,1,3,3,1,3,3,2,2,31
750,1400,30,10,0,4,0,0,18651,2,3,3,3,3,3,3,2,3,2,1,3,3,2,2,34
675,1500,30,10,0,4,0,4,18651,2,2,2,3,3,3,2,2,3,2,1,3,3,2,2,31
675,1000,20,10,0,3,0,4,18504,2,2,2,3,3,3,2,2,3,3,1,3,3,2,2,32
850,975,20,10,0,3,4,4,18510,2,2,2,3,3,3,2,2,3,2,1,3,3,2,2,31
900,975,20,10,0,3,4,4,18510,2,2,2,3,3,3,3,1,3,3,1,3,3,2,2,32
699,400,10,10,0,1,1,4,18701,2,2,2,3,3,3,3,2,3,3,2,3,3,3,1,35
1619,508,0,10,0,3,1,2,98121,2,2,2,3,3,3,3,1,3,3,1,3,3,2,2,32
850,1250,20,10,0,1,1,4,18509,2,2,2,3,3,3,3,1,3,3,1,3,3,2,2,32
1200,1600,30,10,0,4,0,4,18471,2,2,2,3,3,3,3,2,3,2,2,3,3,2,2,33
950,1800,40,10,0,4,0,4,18508,3,3,2,3,3,3,3,2,3,3,2,3,3,2,2,35
2500,3850,40,50,0,2,0,2,18657,3,3,3,3,3,3,3,3,3,2,2,3,3,3,2,37
950,1600,30,15,0,4,1,4,18704,3,3,2,3,3,3,3,2,3,3,2,3,3,2,2,35
825,1100,20,10,0,3,0,4,18507,2,2,2,3,3,3,3,1,3,3,1,3,3,2,2,32
950,1100,20,10,0,4,1,4,18519,3,2,2,3,3,3,3,1,3,3,1,3,3,2,2,32
650,1100,20,10,0,4,1,4,18434,2,2,2,3,3,3,2,1,3,2,1,3,3,2,2,30
675,200,0,10,0,2,1,4,18424,2,2,2,3,3,3,2,1,3,2,1,3,3,2,2,30
725,850,20,10,0,5,1,4,18704,2,2,2,3,3,3,2,1,3,2,1,3,3,2,2,30
595,1390,10,10,0,4,1,4,18640,2,2,3,3,3,3,2,1,3,2,1,3,3,2,2,31
675,900,20,10,0,3,1,0,18512,2,2,2,3,3,3,2,1,3,2,1,3,3,2,2,30
1967,600,10,10,0,3,1,2,98121,2,3,2,3,3,3,3,1,3,2,1,3,3,2,2,32
700,860,20,10,0,3,1,0,18512,2,2,3,3,3,3,3,1,3,2,1,3,3,2,2,32
2400,4000,50,30,0,4,0,4,18509,3,3,2,3,3,3,3,1,3,3,1,3,3,3,1,34
1050,1300,20,15,0,3,9,4,18512,2,2,2,3,3,3,2,1,3,2,1,3,3,2,2,30
500,485,10,10,0,5,1,0,18705,2,2,2,3,3,3,2,1,3,2,1,3,3,2,2,30
695,1024,20,10,0,5,1,4,18702,3,2,2,3,2,3,3,1,3,3,1,3,3,2,2,31
695,1095,20,10,0,5,1,4,18702,2,2,2,3,3,3,3,1,3,3,1,3,3,2,2,32
1000,1900,30,10,0,1,2,4,18510,2,3,2,3,3,3,3,1,3,3,1,3,3,2,2,33
660,1100,20,10,0,4,1,4,18224,2,2,2,3,3,3,2,1,3,2,1,3,3,2,2,30
1650,1091,30,30,1,3,1,4,17815,2,3,2,3,3,3,3,2,3,3,2,3,3,2,2,35
875,1400,30,20,0,4,0,0,18706,3,3,2,3,3,3,2,1,3,2,1,3,3,2,2,31
625,700,10,10,0,4,4,0,18505,2,2,2,3,3,3,2,1,3,2,1,3,3,2,2,30
992,800,10,10,0,3,1,0,18508,2,3,3,3,3,3,2,1,3,2,1,3,3,2,2,32
750,800,20,10,0,2,1,4,18705,2,2,2,3,3,3,2,1,3,2,1,3,3,2,2,30
1175,1975,30,15,0,0,1,0,18407,3,2,2,3,3,3,3,1,3,3,2,3,3,3,2,34
725,820,20,10,0,3,1,0,18504,2,3,2,3,3,3,3,1,3,3,1,3,3,2,2,33
725,1100,20,10,0,4,0,4,18702,2,2,2,3,3,3,3,1,3,2,1,3,3,2,2,31
1800,1650,20,20,0,3,2,2,18510,2,2,2,3,3,3,2,1,3,2,1,3,3,2,2,30
1200,2000,20,20,0,3,9,2,18708,2,2,2,3,3,3,2,1,3,2,1,3,3,2,2,30
1200,1500,40,10,0,3,1,4,18509,3,3,3,3,3,3,3,1,3,2,1,3,3,2,2,33
1000,800,20,10,0,1,1,0,18509,2,3,3,3,3,3,3,2,3,3,2,3,3,2,2,36
650,500,10,10,0,3,1,0,18505,2,2,2,3,3,3,3,1,3,3,1,3,3,2,2,32
700,925,20,10,0,1,1,4,18634,2,2,2,3,3,3,3,1,3,2,1,3,3,2,2,31
1084,900,20,10,0,3,1,0,18508,2,3,2,3,3,3,2,1,3,2,1,3,3,2,2,31
992,800,10,10,0,3,1,0,18508,2,3,2,3,3,3,2,1,3,2,1,3,3,2,2,31
1090,950,20,10,0,3,1,0,18508,2,3,2,3,3,3,2,1,3,2,1,3,3,2,2,31
750,825,10,10,0,3,1,0,18512,2,3,3,3,3,3,3,1,3,3,1,3,3,2,2,34
1195,1100,20,20,0,3,9,4,18241,2,3,3,3,3,3,3,1,3,2,1,3,3,2,2,33
850,720,20,10,0,4,0,4,18507,2,2,2,3,3,3,2,1,3,3,1,3,3,2,2,31
695,1485,20,10,0,4,1,4,18641,2,2,2,3,3,3,2,1,3,2,1,3,3,2,2,30
595,1200,10,10,0,4,1,4,18640,2,3,2,3,3,3,3,1,3,3,1,3,3,2,2,33
500,576,10,10,0,4,1,4,18702,2,2,2,3,3,3,2,1,3,2,1,3,3,2,2,30
725,1000,20,10,0,4,1,0,18512,2,3,2,3,3,3,2,1,3,2,1,3,3,2,2,31
575,1080,30,10,0,0,1,4,18612,2,2,2,3,3,3,3,1,3,3,1,3,3,2,2,32
1545,2000,40,20,0,0,0,0,18505,3,3,2,3,3,3,3,2,3,2,1,3,3,2,2,33
1800,1400,20,20,1,3,9,2,18428,3,3,2,3,3,3,2,2,3,2,2,3,3,3,2,34
600,700,10,10,0,4,1,4,18508,2,2,3,3,3,3,3,1,3,2,1,3,3,2,2,32
800,900,20,10,0,3,1,4,17821,2,3,2,3,3,3,2,2,3,2,2,3,3,2,2,33
750,1200,20,10,0,1,1,4,18512,3,2,2,3,3,3,2,1,3,2,1,3,3,2,2,30
1200,1100,20,10,1,1,1,4,18510,2,3,2,3,3,3,3,2,3,2,2,3,3,2,1,34
1250,1038,20,10,0,3,1,4,18701,2,3,3,3,3,3,3,1,3,2,1,3,3,2,2,33
892,800,10,10,0,3,1,0,18508,2,2,2,3,3,3,2,1,3,2,1,3,3,2,2,30
800,1400,20,15,0,4,9,4,18822,2,2,2,3,3,3,2,1,3,2,1,3,3,2,2,30
900,1200,30,15,0,3,0,4,18704,2,3,2,3,3,3,3,1,3,3,1,3,3,2,2,33
750,1200,20,10,0,1,1,3,18705,3,3,2,3,3,3,3,1,3,3,1,3,3,2,2,33
725,356,0,10,0,2,1,4,18424,2,2,2,3,3,3,3,1,3,3,1,3,3,2,2,32
1000,2000,60,10,0,4,0,4,18505,2,3,2,3,3,3,2,1,3,3,1,3,3,2,2,32
1050,2200,30,15,0,3,0,4,18431,3,2,2,3,3,3,3,2,3,3,2,3,3,2,2,34
550,460,10,10,0,1,1,4,18704,2,2,2,3,3,3,3,1,3,3,1,3,3,2,2,32
735,1200,20,0,0,0,1,0,18444,2,2,2,3,3,3,3,1,3,2,1,3,3,2,2,31
1100,2880,40,15,0,3,0,4,18419,3,3,3,3,3,3,2,1,3,2,1,3,3,2,2,32
1600,1600,0,20,0,4,0,4,18431,3,2,2,3,3,3,3,1,3,3,1,3,3,2,2,32
1094,600,0,10,1,1,1,4,18510,2,3,2,3,3,3,2,2,3,2,2,3,3,2,2,33
775,1165,20,20,0,0,1,4,18201,2,2,2,3,3,3,3,1,3,2,1,3,3,2,2,31
700,800,10,10,0,3,1,4,18434,2,2,3,3,3,3,3,1,3,3,1,3,3,2,2,33
800,900,20,10,1,5,1,4,18801,2,2,2,3,3,3,3,2,3,2,2,3,3,2,2,33
550,800,10,10,0,0,1,4,18704,2,2,2,3,3,3,3,1,3,2,1,3,3,2,2,31
680,1000,20,20,1,1,1,0,16801,2,2,2,3,3,3,2,2,3,2,2,3,3,2,1,32
375,1500,30,30,0,3,1,0,18505,2,2,3,3,3,3,2,2,3,3,2,3,3,2,2,34
950,1350,30,20,1,3,1,0,18509,2,2,2,3,3,3,3,1,3,2,1,3,3,2,2,31
750,1100,30,10,0,4,0,0,17970,2,2,2,3,3,3,3,1,3,3,1,3,3,2,2,32
850,1150,20,10,0,4,0,4,18505,3,2,2,3,3,3,2,1,3,2,1,3,3,2,2,30
625,850,10,10,0,2,4,0,18509,3,2,2,3,3,3,3,2,3,3,2,3,3,2,1,34
450,1224,20,10,0,4,1,4,18706,2,2,2,3,3,3,2,1,3,2,1,3,3,2,2,30
650,1420,20,10,0,4,1,0,18706,2,3,2,3,3,3,2,1,3,2,1,3,3,2,2,31
550,1120,20,10,0,4,1,0,18706,2,3,2,3,3,3,3,1,3,2,1,3,3,2,2,32
550,1100,20,10,0,4,4,0,18651,2,2,2,3,3,3,2,2,3,2,1,3,3,2,2,31
750,900,30,10,0,0,1,0,18705,2,3,2,3,3,3,3,1,3,3,1,3,3,2,2,33
550,750,20,10,0,3,1,2,18706,2,2,3,3,3,3,3,1,3,3,1,3,3,2,2,33
675,700,20,10,0,0,1,0,18704,2,2,3,3,3,3,2,1,3,2,1,3,3,2,2,31
995,1400,30,15,0,3,0,1,18505,3,3,2,3,3,3,2,1,3,2,1,3,3,2,2,31
775,1250,20,10,0,5,1,0,18510,2,2,2,3,3,3,3,2,3,3,1,3,3,2,2,33
1400,1800,30,20,0,3,0,4,18428,3,2,3,3,3,3,2,2,3,2,2,3,3,2,2,33
800,1100,20,10,0,4,0,4,18704,3,2,3,3,3,3,2,1,3,2,1,3,3,2,2,31
900,2628,30,10,0,3,0,4,18706,3,2,2,3,3,3,2,1,3,2,1,3,3,2,2,30
1475,2400,50,20,0,3,0,4,17011,3,3,2,3,3,3,3,1,3,3,1,3,3,2,2,33
625,800,10,10,0,1,1,4,18651,2,2,2,3,3,3,2,1,3,2,1,3,3,2,2,30
1000,1050,30,10,0,3,0,0,18512,3,2,2,3,3,3,3,1,3,3,1,3,3,3,2,33
750,1476,20,20,0,1,0,3,18519,3,2,2,3,3,3,2,1,3,2,1,3,3,2,2,30
850,1140,30,10,0,4,0,0,17815,2,3,2,3,3,3,2,2,3,2,2,3,3,2,1,33
575,800,10,10,0,5,1,0,18510,3,2,2,3,3,3,3,1,3,3,1,3,3,2,2,32
750,850,10,10,0,4,1,4,18444,2,3,3,3,3,3,2,1,3,2,1,3,3,2,2,32
575,400,10,10,0,4,1,0,18706,2,2,2,3,3,3,3,1,3,2,1,3,3,2,2,31
550,600,20,10,0,4,3,4,18702,2,2,2,3,3,3,2,1,3,2,1,3,3,2,2,30
1400,1700,30,20,0,4,9,2,18612,2,3,3,3,3,3,3,1,3,3,1,3,3,2,2,34
1400,1700,30,20,0,4,9,2,18612,3,3,3,3,3,3,3,1,3,3,1,3,3,2,2,34
750,1000,30,10,0,4,1,0,18651,2,2,2,3,3,3,3,1,3,3,1,3,3,2,2,32
2000,2000,10,15,0,3,1,4,18704,2,3,3,3,3,3,2,1,3,2,1,3,3,3,2,33
500,1197,30,10,0,0,0,0,18655,2,2,2,3,3,1,1,1,2,1,2,3,3,2,2,26
700,1000,30,10,0,0,1,0,18704,2,3,2,3,3,3,3,1,3,3,1,3,3,2,2,33
750,1240,30,20,1,1,1,4,18702,3,2,3,3,3,3,2,1,3,2,1,3,3,2,2,31
675,900,10,15,0,1,1,4,18512,2,2,2,3,3,3,2,1,3,2,1,3,3,2,2,30
649,1091,30,30,1,3,1,4,17815,2,2,2,3,3,3,2,2,3,2,2,3,3,2,1,32
745,850,10,10,0,3,1,4,18444,2,2,3,3,3,3,3,1,3,2,1,3,3,2,2,32
600,900,30,15,1,4,0,1,18704,2,2,2,3,3,3,3,1,3,3,1,3,3,2,2,32
1350,2500,40,15,0,3,0,4,18643,3,3,3,3,3,3,3,1,3,3,1,3,3,2,2,34
600,350,10,10,0,0,1,0,17815,2,2,2,3,3,3,3,1,3,3,1,3,3,2,2,32
750,1500,30,10,0,4,0,0,18702,2,2,2,3,3,3,3,1,3,3,1,3,3,2,2,32
1250,2030,40,10,0,3,0,0,18510,3,2,2,3,3,3,3,1,3,2,1,3,3,2,2,31
850,2000,30,10,0,4,0,4,18643,2,2,2,3,3,3,3,1,3,2,1,3,3,2,2,31
1450,1300,20,25,0,3,9,0,18428,3,2,2,3,3,3,3,2,3,2,1,3,3,2,2,32
1700,2600,30,30,0,3,0,2,18428,3,3,2,3,3,3,3,1,3,2,1,3,3,2,2,32
550,700,20,10,0,3,10,4,18641,2,3,2,3,3,3,3,1,3,2,1,3,3,2,2,32
815,1400,30,10,0,4,1,0,18504,2,2,3,3,3,3,3,1,3,2,1,3,3,2,2,32
690,725,10,10,0,5,1,4,18702,3,2,3,3,3,3,3,1,3,3,1,3,3,2,2,33
700,1000,30,10,0,0,1,0,18505,2,2,3,3,3,3,2,1,3,3,1,3,3,2,2,32
1275,1500,40,20,0,4,0,2,18411,3,3,2,3,3,3,3,2,3,3,1,3,3,2,2,34
995,1000,20,10,0,0,0,0,18505,3,2,2,3,3,3,2,1,3,2,1,3,3,2,2,30
650,800,20,10,0,4,1,4,18452,2,2,2,3,3,3,2,1,3,2,1,3,3,2,2,30
800,1150,20,10,0,4,1,4,18505,3,3,2,3,3,3,3,1,3,3,1,3,3,3,2,34
650,800,10,10,0,0,1,0,18504,2,3,2,3,3,3,3,1,3,3,1,3,3,2,2,33
875,950,20,10,0,1,1,0,18510,3,2,3,3,3,3,2,1,3,2,1,3,3,2,2,31
1200,1300,40,20,0,1,0,4,18510,2,2,2,3,3,3,2,1,3,2,1,3,3,2,2,30
1100,1250,30,10,0,4,1,0,18510,2,2,2,3,3,3,3,1,3,2,1,3,3,2,2,31
950,900,30,10,0,1,1,4,18510,3,3,2,3,3,3,2,2,3,2,1,3,3,2,2,32
950,1050,30,10,0,1,9,0,18510,2,2,2,3,3,3,2,1,3,3,1,3,3,2,2,31
950,1250,30,10,0,3,9,0,18510,3,2,3,3,3,3,3,1,3,3,1,3,3,2,2,33
650,900,10,10,0,5,1,4,18704,2,2,2,3,3,3,3,1,3,3,1,3,3,2,2,32
700,1800,20,10,0,4,1,0,18421,2,2,3,3,3,3,3,1,3,3,1,3,3,2,2,33
650,500,0,10,0,4,1,0,18505,2,2,3,3,3,3,3,1,3,3,1,3,3,2,2,33
1775,2450,40,20,1,1,0,2,18427,3,3,3,3,3,3,3,2,3,3,2,3,3,3,2,37
590,550,10,10,1,3,1,0,18510,2,2,2,3,3,3,3,2,3,3,2,3,3,2,1,34
700,700,20,10,1,3,1,0,13905,2,3,3,3,3,3,3,1,3,3,1,3,3,2,1,34
600,600,10,10,1,0,1,0,13905,2,2,3,3,3,3,2,1,3,3,1,3,3,2,1,32
1400,1000,40,10,1,0,1,0,13905,2,3,3,3,3,3,2,2,3,2,2,3,3,2,1,34
1147,1000,20,10,0,1,1,4,14850,2,2,2,3,3,3,2,1,3,2,1,3,3,2,2,30
1167,1000,30,10,0,1,1,4,14850,2,2,2,3,3,3,2,1,3,2,1,3,3,2,2,30
1320,1028,20,10,0,1,1,4,14850,2,2,2,3,3,3,2,2,3,2,2,3,3,2,1,32
1275,760,10,10,0,1,1,4,14850,2,3,2,3,3,3,3,1,3,3,1,3,3,2,1,33
1250,550,10,10,0,1,1,4,14850,2,3,2,3,3,3,3,2,3,3,2,3,3,2,1,35
2100,1600,30,10,0,3,1,4,14850,2,3,2,3,3,3,3,1,3,3,1,3,3,2,1,33
1085,825,10,10,0,1,1,4,14850,2,2,2,3,3,3,2,2,3,2,2,3,3,2,1,32
825,750,10,10,0,3,1,4,14867,2,2,2,3,3,3,2,1,3,2,1,3,3,2,2,30
950,900,20,10,0,1,1,4,14850,2,2,2,3,3,3,2,1,3,2,1,3,3,2,2,30
2900,2400,80,20,0,1,1,4,13045,2,2,2,3,3,3,2,2,3,2,2,3,3,2,1,32
790,600,10,10,0,2,1,4,14850,2,2,2,3,3,3,2,1,3,2,1,3,3,2,2,30
1000,600,20,10,1,3,1,4,14850,3,2,2,3,3,3,2,2,3,3,2,3,3,2,1,33
800,1200,30,10,0,0,1,0,13045,2,2,2,3,3,3,2,2,3,2,2,3,3,2,1,32
1300,900,20,10,0,3,1,4,13068,2,2,2,3,3,3,2,2,3,2,2,3,3,2,1,32
800,750,10,10,0,0,1,4,14817,2,2,2,3,3,3,2,1,3,3,1,3,2,2,2,30
620,1450,30,10,1,2,1,4,14850,2,2,2,3,3,3,3,2,3,3,2,3,3,2,1,34
600,900,10,25,0,1,1,2,14850,3,3,3,3,3,3,3,3,3,2,2,3,3,3,1,37
2100,2400,30,20,0,3,0,2,14850,3,2,2,3,3,3,3,1,3,3,2,3,3,2,2,33
1500,1800,40,25,0,4,0,2,13077,3,3,2,3,3,3,3,1,3,3,1,3,3,3,2,34
2100,2294,50,30,0,1,1,2,14850,3,3,2,3,3,3,3,2,3,3,2,3,3,2,2,35
822,1160,30,30,1,3,1,4,14850,2,3,2,3,3,3,3,2,3,3,2,3,3,2,1,35
1235,850,10,10,0,1,1,4,14850,2,2,2,3,3,3,2,2,3,2,2,3,3,2,1,32
1295,900,20,10,0,3,1,4,13068,2,2,2,3,3,3,2,1,3,2,1,3,3,2,2,30
1950,2000,30,20,0,0,1,0,14850,2,3,2,3,3,3,3,1,3,3,1,3,3,2,1,33
1550,1200,20,15,1,3,1,2,14850,3,2,3,3,3,3,3,2,3,3,2,3,3,2,1,35
750,500,10,10,0,2,1,3,14817,2,2,3,3,3,3,3,1,3,3,1,3,3,2,2,33
900,950,20,10,0,3,1,4,14850,3,2,3,3,3,3,3,1,3,2,1,3,3,2,2,32
1900,1420,30,10,0,3,0,4,14850,3,2,2,3,3,3,3,1,3,3,1,3,3,2,2,32
620,1100,10,0,0,3,0,4,14850,2,3,2,3,3,3,3,2,3,2,1,3,3,2,1,33
861,600,10,10,0,1,1,4,14850,2,2,2,3,3,3,2,1,3,2,1,3,3,2,2,30
1500,1500,30,10,0,5,1,4,14850,3,2,2,3,3,3,3,1,3,2,1,3,3,2,1,31
800,1200,30,10,1,1,1,0,13045,2,2,3,3,3,3,3,2,3,2,2,3,3,2,1,34
775,12000,10,10,0,2,1,0,13021,2,2,2,3,3,3,2,1,3,3,1,3,3,2,2,31
650,650,10,10,0,0,1,4,13045,2,2,2,3,3,3,2,1,3,2,1,3,3,2,2,30
1300,898,30,20,1,3,1,0,14850,2,3,2,3,3,3,2,2,3,2,2,3,3,2,1,33
650,500,10,10,0,5,1,4,14850,2,2,2,3,3,3,2,1,3,3,1,3,3,2,2,31
815,750,20,10,0,2,1,4,14850,2,2,2,3,3,3,2,1,3,2,1,3,3,2,2,30
1695,1000,30,10,0,1,1,4,14850,2,2,2,3,3,3,2,2,3,3,1,3,3,2,1,32
750,700,10,10,0,3,1,4,14867,2,2,2,3,3,3,3,2,3,2,1,3,3,2,2,32
985,900,20,10,0,3,1,4,14850,2,2,2,3,3,3,3,1,3,3,1,3,3,2,2,32
2000,2000,30,20,0,3,0,4,14850,3,2,2,3,3,3,2,2,3,2,2,3,3,2,2,32
1325,910,10,10,0,0,1,4,14850,2,3,2,3,3,3,2,1,3,2,1,3,3,2,1,31
1800,2700,50,20,0,3,0,0,14882,2,2,2,3,3,3,3,1,3,3,1,3,3,2,2,32
1700,1000,30,15,0,3,1,0,14850,2,2,2,3,3,3,3,2,3,2,2,3,3,2,2,33
750,800,20,10,1,3,1,4,14850,2,3,2,3,3,3,3,2,3,3,2,3,3,2,1,35
575,400,0,10,1,1,1,4,13068,2,2,2,2,3,3,2,2,3,2,2,3,3,2,2,31
3300,1000,30,10,1,2,1,4,13045,2,3,2,3,3,3,2,2,3,2,2,3,3,2,1,33
1000,700,20,10,0,2,1,4,13068,2,2,3,3,3,3,3,1,3,3,1,3,3,2,2,33
750,1200,30,10,1,0,1,0,14850,2,2,2,3,3,3,3,1,3,3,2,3,3,2,1,33
1500,1196,30,10,0,0,1,4,14850,2,2,2,3,3,3,3,1,3,3,1,3,3,2,1,32
1105,540,10,10,0,3,1,0,14817,2,2,2,3,3,3,3,1,3,3,1,3,3,3,2,33
1200,1200,20,10,1,3,1,4,14850,2,3,3,3,3,3,2,2,3,2,2,3,3,2,1,34
800,720,30,10,0,4,10,4,13760,2,2,3,3,3,3,2,1,3,2,1,3,3,2,2,31
800,1160,20,10,0,3,10,1,14867,2,3,2,3,3,3,3,1,3,3,1,3,3,2,2,33
950,1200,20,20,0,3,0,1,14882,2,2,2,3,3,3,2,1,3,2,1,3,3,2,2,30
2095,1200,20,10,0,3,0,4,14850,3,3,2,3,3,3,3,2,3,2,1,3,3,3,1,34
3200,1500,50,20,1,0,1,0,14850,3,2,2,3,3,3,3,2,3,3,2,3,3,2,1,34
2840,1500,40,10,1,1,1,4,14850,2,2,2,3,3,3,3,2,3,2,2,3,3,3,1,34
1350,1088,20,15,0,2,1,4,14850,2,3,2,3,3,3,2,1,3,2,2,3,3,2,1,32
950,500,10,10,0,5,1,4,14850,2,2,2,3,3,3,3,2,3,3,2,3,3,2,1,34
1525,1115,20,15,0,3,1,4,14850,2,2,2,3,3,3,3,2,3,3,2,3,3,2,1,34
1700,1700,20,20,0,3,1,4,14850,2,3,2,3,3,3,3,2,3,3,2,3,3,2,1,35
1045,800,20,10,0,1,1,4,14882,2,2,2,3,3,3,3,1,3,3,1,3,3,2,1,32
2800,2200,50,30,1,3,0,2,14850,3,3,2,3,3,3,3,2,3,2,2,3,3,2,2,34
886,754,20,10,1,2,1,4,14850,2,2,2,3,3,3,2,2,3,2,2,3,3,2,1,32
997,1344,30,20,0,4,10,4,13827,2,3,2,3,3,3,2,1,3,3,1,3,3,2,2,32
997,1344,30,20,0,4,10,4,13827,2,3,2,3,3,3,2,2,3,3,1,3,3,2,2,33
1095,1000,20,15,0,1,1,4,14850,2,2,2,3,3,3,2,1,3,2,1,3,3,2,1,30
550,1000,20,10,1,5,1,4,13159,3,3,3,3,3,3,3,2,3,3,2,3,3,2,2,36
675,650,20,10,0,2,1,4,13073,2,2,2,3,3,3,2,1,3,2,1,3,3,2,2,30
1250,1200,30,10,0,2,1,4,14850,2,2,2,3,3,3,3,1,3,3,1,3,3,2,1,32
2275,3120,40,25,0,3,0,2,14850,3,3,3,3,3,3,3,2,3,2,2,3,3,3,2,36
1800,1700,30,20,0,3,1,2,14850,3,2,2,3,3,3,2,1,3,2,1,3,3,2,2,30
671,1144,40,15,1,2,1,4,13045,3,3,2,3,3,3,3,1,3,3,1,3,3,2,2,33
609,700,30,10,1,2,1,4,14850,2,2,2,3,3,3,2,2,3,2,2,3,2,2,1,31
722,926,30,10,0,2,1,4,14850,2,2,2,3,3,3,2,2,3,2,2,3,2,2,1,31
665,700,30,10,1,2,1,4,14850,2,2,2,3,3,3,2,2,3,2,2,3,2,2,1,31
811,1190,30,20,0,2,1,4,14850,2,2,2,3,3,3,2,2,3,2,2,3,2,2,1,31
871,698,20,10,1,2,1,4,14850,2,2,2,3,3,3,2,2,3,2,2,3,2,2,1,31
790,600,20,10,1,2,1,4,14850,2,2,2,3,3,3,2,2,3,2,2,3,2,2,1,31
835,716,20,10,1,2,1,4,14850,2,2,2,3,3,3,2,2,3,2,2,3,2,2,1,31
801,510,20,10,1,2,1,4,14850,2,2,2,3,3,3,2,2,3,2,2,3,2,2,1,31
2100,1200,30,10,1,2,1,4,14850,2,2,2,3,3,3,2,2,3,2,2,3,3,2,2,32
1625,1308,30,20,0,0,0,0,14850,2,3,2,3,3,3,3,2,3,3,2,3,3,2,2,35
1240,760,10,10,0,0,0,0,14850,2,3,2,3,3,3,3,2,3,3,2,3,3,2,2,35
1295,1028,20,10,0,0,0,0,14850,2,3,2,3,3,3,3,2,3,3,2,3,3,2,2,35
1445,1030,20,10,0,3,1,4,14850,2,2,2,3,3,3,2,2,3,2,2,3,3,2,2,32
1050,480,10,10,0,1,1,4,14850,2,2,2,3,3,3,2,2,3,2,2,3,3,2,2,32
1305,850,10,10,0,3,0,4,14817,2,2,2,3,3,3,3,1,3,3,1,3,3,2,1,32
440,1200,10,10,1,5,0,4,14850,2,2,2,3,3,3,3,2,3,3,2,3,3,2,2,34
2250,2600,40,30,1,3,0,4,14850,3,3,3,3,3,3,2,3,3,2,3,3,3,3,1,37
1350,1088,20,15,0,2,1,4,14850,2,2,2,3,3,3,2,3,3,2,2,3,3,2,1,33
975,480,10,10,0,0,0,0,14850,2,2,2,3,3,3,2,2,3,2,2,3,3,2,2,32
1125,760,10,10,0,0,0,0,14850,2,2,2,3,3,3,2,2,3,2,2,3,3,2,2,32
900,657,10,10,0,0,1,0,12534,2,3,2,3,3,3,2,2,3,2,2,3,3,2,2,33
1800,1800,30,15,0,2,0,4,14850,2,2,2,3,3,3,3,2,3,3,2,3,3,2,2,34
700,700,10,20,0,5,1,0,14850,3,2,2,3,3,3,3,2,3,3,2,3,3,2,2,34
575,1800,40,15,1,3,9,4,14850,2,2,2,3,3,3,3,2,3,3,2,3,3,2,1,34
2000,1200,20,10,0,4,0,4,14850,3,3,2,3,3,3,3,1,3,3,1,3,3,2,1,33
2100,1300,30,15,0,0,0,0,14850,2,3,2,3,3,3,3,2,3,3,2,3,3,2,2,35
1500,1300,20,20,1,3,0,3,14850,2,2,2,3,3,3,2,2,3,2,2,3,3,2,1,32
1400,900,20,10,1,0,1,0,14850,3,2,2,3,3,3,3,2,3,2,1,3,3,2,1,32
900,425,10,10,1,1,1,4,14850,2,2,2,3,3,3,3,2,3,3,2,3,3,2,2,34
1350,1056,20,10,1,3,1,4,23970,3,2,2,3,3,3,2,2,3,2,2,3,3,2,1,32
775,550,10,10,0,5,1,4,13045,2,2,2,3,3,3,3,1,3,3,1,3,3,2,1,32
2800,1800,40,20,0,4,1,4,14850,3,2,2,3,3,3,3,1,3,3,1,3,3,2,2,32
2000,1600,30,10,0,3,1,4,14850,2,2,3,3,3,3,3,1,3,3,1,3,3,3,1,34
2600,3000,30,20,0,4,0,2,14850,3,2,2,3,3,3,2,2,3,2,2,3,3,2,1,32
2400,1900,40,25,0,4,1,4,14850,3,2,2,3,3,3,3,2,3,2,2,3,3,2,1,33
1895,1730,30,25,0,3,9,4,14850,2,2,2,3,3,3,2,1,3,2,1,3,3,2,2,30
690,3000,80,35,1,2,0,7,14850,3,2,2,3,3,3,3,2,3,2,2,3,3,2,2,33
550,130,10,10,1,1,1,0,14850,2,2,2,3,3,3,3,2,3,2,2,3,3,2,1,33
1377,1150,20,15,1,3,9,4,13068,2,2,2,3,3,3,2,2,3,2,2,3,3,2,1,32
1495,1150,20,15,0,3,9,4,14850,2,2,2,3,3,3,2,1,3,2,1,3,3,2,2,30
1339,350,10,0,1,1,1,0,14850,2,3,2,3,3,3,2,2,3,2,3,3,3,3,2,35
2800,1900,40,25,0,4,1,4,14850,2,3,2,3,3,3,3,2,3,3,2,3,3,2,1,35
1400,1100,20,10,0,4,1,4,14850,2,2,2,3,3,3,3,2,3,3,2,3,3,2,1,34
900,900,20,10,0,1,1,4,14817,2,2,3,3,3,3,3,1,3,3,1,3,3,2,2,33
1107,1000,30,10,0,1,1,4,14850,2,2,2,3,3,3,2,2,3,2,2,3,3,2,2,32
780,550,10,10,0,2,1,4,14850,2,2,2,3,3,3,2,1,3,2,1,3,3,2,2,30
1400,1000,20,20,0,3,1,4,14850,2,3,2,3,3,3,3,1,3,3,1,3,3,2,2,33
1070,963,20,10,0,3,1,4,14850,2,2,2,3,3,3,3,2,3,2,2,3,3,2,2,33
940,842,20,10,0,2,1,4,14850,2,2,2,3,3,3,3,1,3,3,2,3,3,2,2,33
2175,912,30,10,1,2,1,4,14850,3,2,2,3,3,3,3,2,3,3,2,3,3,2,1,34
3000,3000,60,35,0,1,1,4,14850,2,3,2,3,3,3,3,2,3,3,2,3,3,2,2,35
995,480,10,10,0,1,1,4,14850,2,2,2,3,3,3,2,2,3,2,2,3,3,2,1,32
670,650,10,10,0,0,1,4,13101,2,2,2,3,3,3,2,1,3,2,1,3,3,2,2,30
2300,2150,20,20,0,3,1,2,14891,3,3,2,3,3,3,2,1,3,2,1,3,3,2,2,31
2000,2100,40,20,0,4,0,4,14850,3,2,2,3,3,3,3,1,3,3,1,3,3,2,2,32
2800,1800,40,20,0,4,1,4,14850,3,3,2,3,3,3,2,2,3,2,2,3,3,2,1,33
2100,1000,30,20,0,4,1,0,14850,2,3,2,3,3,3,3,1,3,3,1,3,3,2,2,33
1800,2700,50,20,0,3,0,0,14882,3,2,2,3,3,3,3,1,3,3,1,3,3,2,2,32
850,1000,30,15,0,3,0,4,14878,3,2,2,3,3,3,3,1,3,2,1,3,3,2,2,31
1130,700,20,10,0,2,1,4,14850,2,3,2,3,3,3,3,2,3,3,2,3,3,2,1,35
575,1800,40,15,1,3,9,4,14850,2,2,2,3,3,3,3,2,3,3,2,3,3,2,1,34
1400,661,20,0,1,2,1,0,14850,3,2,2,3,3,3,3,2,3,3,2,3,3,2,1,34
1030,900,10,10,1,2,1,0,14850,2,2,2,3,3,3,2,2,3,2,2,3,3,2,1,32
1000,1000,20,10,0,3,0,4,13068,2,2,2,3,2,3,2,1,3,2,1,3,3,2,2,29
1250,1700,40,25,0,3,1,4,13068,2,2,2,3,3,3,2,1,3,2,1,3,3,2,2,30
1000,800,10,10,1,3,1,4,14850,2,3,2,3,3,3,3,2,3,3,2,3,3,2,1,35
1150,1250,20,10,1,3,1,4,12308,2,3,3,3,3,3,3,2,3,2,2,3,3,2,1,35
800,440,0,10,0,5,0,4,14850,2,3,3,3,3,3,3,2,3,3,1,3,3,2,2,35
725,876,30,15,0,4,10,4,14886,2,2,2,3,3,3,2,1,3,2,1,3,3,2,2,30
2000,3600,40,25,0,3,0,4,14886,2,3,2,3,3,3,3,2,3,3,2,3,3,2,2,35
800,2250,50,25,1,3,0,0,14850,2,2,2,3,3,3,3,2,3,3,2,3,3,2,1,34
887,1216,20,20,1,3,1,4,14850,2,3,2,3,3,3,3,2,3,3,2,3,3,2,1,35
1900,2600,30,25,1,2,0,4,14850,2,3,3,3,3,3,3,3,3,3,3,3,3,2,1,38
995,480,10,10,0,1,1,4,14850,2,2,2,3,3,3,2,2,3,2,2,3,3,2,1,32
1800,1500,20,10,0,3,1,4,14850,3,3,2,3,3,3,2,2,3,2,2,3,3,2,1,33
1395,1088,20,15,0,2,9,4,14850,2,2,2,3,3,3,2,2,3,2,2,3,3,2,2,32
1100,600,10,10,1,3,4,4,14817,3,3,3,3,3,3,3,2,3,3,2,3,3,2,2,36
1090,1030,20,10,0,2,1,4,14850,2,3,2,3,3,3,2,2,3,2,2,3,3,2,1,33
1200,1000,10,10,0,5,1,4,14850,2,2,2,3,3,3,3,3,3,2,2,3,3,2,2,34
2250,3081,30,25,0,1,0,2,13045,3,3,3,3,3,3,2,2,3,2,2,3,3,3,2,35
1450,950,20,10,1,1,1,4,14850,2,2,2,3,3,3,3,2,3,3,2,3,3,2,1,34
500,1200,30,10,0,1,1,0,13045,2,2,2,3,3,3,2,2,3,2,2,3,3,2,1,32
2000,2000,40,20,0,3,0,1,14882,3,3,2,3,3,3,3,2,3,3,2,3,3,2,2,35
1195,1200,30,15,0,4,4,4,14850,3,2,3,3,3,3,3,1,3,3,1,3,3,2,2,33
2490,1500,30,25,1,3,4,2,14850,3,2,2,3,3,3,2,2,3,2,2,3,3,2,2,32
725,420,10,10,0,5,1,4,14850,2,2,2,3,3,3,3,1,3,3,1,3,3,2,1,32
2450,760,20,10,1,3,1,0,14850,2,3,3,3,3,3,3,2,3,2,3,3,3,2,2,36
1500,1200,20,10,0,4,1,4,14850,2,3,2,3,3,3,3,2,3,3,2,3,3,2,1,35
2950,1975,40,10,1,3,1,4,14850,2,3,2,3,3,3,2,2,3,3,1,3,3,2,1,33
2450,760,20,10,1,3,1,0,14850,2,3,3,3,3,3,3,3,3,3,3,3,3,3,2,39
1200,1900,20,10,0,4,1,4,14882,2,2,2,3,3,3,3,1,3,2,1,3,3,2,2,31
1090,1030,20,10,0,2,1,4,14850,2,2,2,3,3,3,2,2,3,2,2,3,3,2,2,32
3400,2968,40,20,1,2,1,4,13045,3,3,2,3,3,3,2,2,3,2,2,3,3,2,1,33
700,1650,30,15,0,3,1,4,14850,2,2,2,3,3,3,2,2,3,3,2,3,3,2,1,33
925,494,10,10,1,1,1,4,13068,2,2,2,3,3,3,3,2,3,3,2,3,3,2,1,34
2300,2300,40,30,0,4,9,2,14850,3,2,2,3,3,3,2,1,3,2,1,3,3,2,1,30
1375,1185,30,20,0,4,1,4,14850,2,3,2,3,3,3,3,1,3,3,1,3,3,2,2,33
1725,1000,20,10,0,3,0,4,14818,2,3,2,3,3,3,3,2,3,3,1,3,3,2,2,34
1495,900,20,10,0,3,0,4,14818,2,3,2,3,3,3,3,2,3,3,1,3,3,2,2,34
800,1200,30,0,0,1,1,0,13045,2,2,2,3,3,3,2,2,3,2,2,3,3,2,1,32
2000,2000,40,20,0,3,0,1,14882,3,2,3,3,3,3,3,2,3,3,2,3,3,2,2,35
790,600,20,10,1,2,1,4,14850,2,2,2,3,3,3,2,2,3,2,2,3,3,2,1,32
2175,912,30,10,1,2,1,4,14850,3,2,2,3,3,3,3,2,3,3,2,3,3,2,1,34
1200,850,10,10,0,3,1,4,14850,2,3,2,3,3,3,2,1,3,2,1,3,3,2,2,31
1495,900,20,10,0,3,0,4,14818,2,3,2,3,3,3,3,2,3,3,1,3,3,2,2,34
635,490,10,10,0,1,1,0,14882,2,2,2,3,3,3,2,1,3,2,1,3,3,2,2,30
1815,1308,30,20,0,0,0,0,14850,2,3,2,3,3,3,2,1,3,2,1,3,3,2,2,31
995,850,20,15,0,2,1,4,14850,3,2,2,3,3,3,3,1,3,2,1,3,3,2,2,31
800,600,10,10,0,5,1,0,13068,2,2,2,3,3,3,2,2,3,2,2,3,3,2,2,32
1520,1200,20,25,0,3,1,0,14850,2,2,2,3,3,3,2,1,3,2,1,3,3,2,1,30
3000,1050,20,10,0,3,1,4,13045,2,2,2,3,3,3,3,1,3,3,1,3,3,2,1,32
1100,712,10,10,1,1,1,0,14850,2,2,2,3,3,3,2,1,3,2,1,3,3,2,1,30
400,500,10,10,0,5,1,4,13052,2,2,2,3,3,3,2,2,3,2,2,3,3,2,2,32
1250,2400,40,10,0,0,0,0,13045,2,3,3,3,3,3,3,1,3,2,1,3,3,2,1,33
1950,1147,30,10,1,3,0,4,14817,2,2,2,3,3,3,2,2,3,2,2,3,3,2,1,32
1725,1000,20,10,0,3,0,4,14818,2,3,2,3,3,3,3,2,3,3,1,3,3,2,2,34
1400,900,20,10,1,5,1,1,14850,3,2,2,3,3,3,3,2,3,2,1,3,2,2,1,31
1395,1088,20,15,0,2,1,4,14850,2,2,2,3,3,3,2,1,3,2,1,3,3,2,1,30
800,1160,20,10,0,3,10,1,14867,2,3,2,3,3,3,3,1,3,3,1,3,3,2,2,33
1500,1344,30,20,0,3,0,2,14817,2,2,3,3,3,3,2,1,3,2,1,3,3,2,2,31
1700,2000,30,15,0,4,4,2,14882,2,2,2,3,3,3,3,1,3,2,1,3,3,2,2,31
1400,800,20,10,0,0,1,0,14850,3,2,2,3,3,3,2,1,3,2,1,3,3,2,2,30
875,700,10,10,0,1,1,4,13045,2,3,2,3,3,3,2,1,3,2,1,3,3,2,2,31
882,1728,40,45,1,3,1,4,14850,2,3,2,3,3,3,3,2,3,3,2,3,3,2,1,35
922,1344,30,30,1,3,1,4,14850,2,3,2,3,3,3,3,2,3,3,2,3,3,2,1,35
887,1080,20,20,1,3,1,4,14850,2,3,2,3,3,3,3,2,3,3,2,3,3,2,1,35
872,884,20,20,1,3,1,4,14850,2,3,2,3,3,3,3,2,3,3,2,3,3,2,1,35
887,1216,20,20,1,3,1,4,14850,2,3,2,3,3,3,3,2,3,3,2,3,3,2,1,35
1217,572,10,10,1,3,1,4,14850,2,3,2,3,3,3,3,2,3,3,2,3,3,2,1,35
1068,416,0,10,1,3,1,4,14850,2,3,2,3,3,3,3,2,3,3,2,3,3,2,1,35
2350,2192,40,25,0,3,0,2,14850,2,2,2,3,3,3,2,1,3,2,1,3,3,2,1,30
1180,968,30,10,0,2,1,4,14850,2,2,2,3,3,3,2,2,3,2,1,3,3,2,2,31
1300,1173,30,20,0,1,10,4,14867,2,2,2,3,3,3,2,1,3,2,1,3,3,2,2,30
1000,1400,10,10,0,3,1,4,14824,2,3,2,3,3,3,3,1,3,3,1,3,3,2,2,33
1030,350,10,0,0,0,1,0,14850,2,2,2,3,3,3,2,1,3,2,1,3,3,2,1,30
1922,740,30,10,1,2,1,4,14850,2,2,2,3,3,3,2,2,3,2,2,3,3,2,1,32
1202,700,10,10,0,3,1,4,14850,2,2,2,3,3,3,2,2,3,2,2,3,3,2,1,32
1550,800,20,10,0,1,1,4,14850,2,2,2,3,3,3,3,2,3,3,2,3,3,2,1,34
990,1200,10,10,1,3,1,2,14817,3,2,3,3,3,3,2,3,3,2,2,3,3,2,2,34
795,1300,30,15,0,4,1,4,14865,2,2,2,2,3,3,2,1,3,2,1,3,3,2,2,29
900,575,10,10,0,1,1,4,14850,2,2,2,3,3,3,2,1,3,2,1,3,3,2,1,30
1100,712,10,10,0,1,1,4,14850,2,2,2,3,3,3,2,2,3,2,2,3,3,2,1,32
1875,1200,30,10,1,2,0,4,14850,2,2,2,3,3,3,3,2,3,3,2,3,3,2,2,34
1300,356,10,10,0,0,0,0,14850,2,2,2,3,3,3,3,2,3,2,2,3,3,2,1,33
2200,1700,40,20,0,0,1,0,14882,3,3,3,3,3,3,3,1,3,3,1,3,3,3,2,35
1206,650,10,10,0,3,1,4,14850,2,2,2,3,3,3,2,2,3,2,2,3,3,2,1,32
700,676,10,10,0,0,1,4,14847,2,2,3,3,3,3,3,1,3,3,1,3,3,2,2,33
800,800,10,10,0,0,1,0,13045,2,2,2,3,3,3,3,1,3,3,1,3,3,2,2,32
1650,1550,20,25,0,3,9,4,14850,2,2,2,3,3,3,2,2,3,2,2,3,3,2,1,32
1500,1200,20,10,0,4,1,0,14850,3,2,2,3,3,3,3,1,3,3,1,3,3,2,2,32
950,1000,30,10,0,1,4,0,13045,2,3,2,3,3,3,3,1,3,3,1,3,3,2,1,33
968,1540,30,30,1,3,1,4,14850,2,3,2,3,3,3,3,2,3,3,2,3,3,2,1,35
825,375,10,10,0,3,1,7,14850,3,2,2,3,3,3,2,2,3,2,2,3,3,2,1,32
1300,866,20,10,0,1,1,4,14850,2,2,2,3,3,3,3,1,3,3,1,3,3,2,1,32
1100,950,10,10,0,0,1,0,14850,2,2,2,3,3,3,3,1,3,3,1,3,3,2,2,32
2500,900,30,10,0,1,1,0,13045,2,2,2,3,3,3,3,2,3,2,2,3,3,2,1,33
1250,1000,20,10,0,0,1,0,14850,2,2,2,3,3,3,2,1,3,2,1,3,3,2,2,30
750,1200,20,10,0,4,1,4,13101,2,2,2,3,3,3,3,1,3,3,1,3,3,2,2,32
900,1000,30,10,0,4,1,4,14847,2,3,2,3,3,3,3,1,3,3,1,3,3,2,2,33
1320,1030,20,10,0,3,1,4,14850,2,2,2,3,3,3,2,2,3,2,2,3,3,2,2,32
950,1000,20,10,0,0,1,4,14817,2,2,2,3,3,3,2,2,3,2,2,3,3,2,2,32
900,850,20,10,1,2,4,2,13073,2,2,2,3,3,3,2,2,3,2,2,3,3,2,2,32
2000,2400,30,10,0,4,1,3,14850,2,2,2,3,3,3,3,1,3,3,1,3,3,2,2,32
1500,1800,30,20,0,4,1,4,14850,3,2,2,3,3,3,3,1,3,3,1,3,3,2,1,32
2175,912,30,10,1,2,1,4,14850,3,2,2,3,3,3,3,2,3,3,2,3,3,2,1,34
1002,700,10,10,0,3,1,4,14850,2,2,2,3,3,3,2,2,3,2,2,3,3,2,1,32
920,725,10,10,0,2,1,0,14850,2,2,2,3,3,3,3,1,3,3,1,3,3,3,1,33
2200,2200,40,20,0,3,0,4,14850,2,2,2,3,3,3,3,2,3,3,2,3,3,2,1,34
650,500,10,10,0,5,1,4,14886,2,2,2,3,3,3,3,2,3,3,2,3,3,2,2,34
1800,1350,20,25,0,3,9,2,14850,3,3,2,3,3,3,3,2,3,2,2,3,3,2,1,34
1725,1450,30,20,0,4,1,2,14850,2,2,2,3,3,3,2,1,3,2,1,3,3,2,2,30
2400,1800,40,15,1,2,9,4,14850,3,2,2,3,3,3,2,2,3,2,2,3,3,2,1,32
4700,3600,80,15,1,2,9,4,14850,3,2,2,3,3,3,2,2,3,2,2,3,3,2,1,32
1600,1200,20,15,0,1,8,4,14850,3,2,2,3,3,3,3,1,3,3,1,3,3,2,1,32
935,950,30,10,0,0,1,4,14886,2,2,2,3,3,3,2,1,3,2,1,3,3,2,2,30
1180,968,30,10,0,2,1,4,14850,2,2,2,3,3,3,2,1,3,2,1,3,3,2,2,30
1250,1000,10,10,0,0,1,0,14850,2,3,2,3,3,3,3,1,3,3,1,3,3,2,1,33
1800,1500,40,10,0,3,0,4,14850,2,2,2,3,3,3,3,2,3,3,2,3,3,2,2,34
2600,1500,30,20,0,4,1,2,14850,2,3,2,3,3,3,3,1,3,3,1,3,3,2,1,33
685,650,10,10,0,0,1,4,14850,2,2,2,3,3,3,3,1,3,3,1,3,3,2,2,32
1252,950,30,30,0,2,1,4,14850,2,2,2,3,3,3,2,2,3,2,1,3,3,2,2,31
925,900,20,10,0,0,1,4,13053,2,2,2,3,3,3,2,1,3,2,1,3,3,2,2,30
926,750,10,10,0,2,4,4,14850,2,2,2,3,3,3,2,1,3,2,1,3,3,2,2,30
1575,1000,30,10,0,1,1,4,14850,3,3,2,3,3,3,3,2,3,2,1,3,3,2,1,33
1065,825,10,10,0,0,0,0,14850,2,2,2,3,3,3,2,2,3,2,2,3,3,2,2,32
1295,1025,20,10,0,0,0,0,14850,2,2,2,3,3,3,2,2,3,2,2,3,3,2,2,32
1280,780,20,10,0,1,1,4,14850,3,3,2,3,3,3,3,2,3,2,2,3,3,2,1,34
700,600,10,10,0,5,1,4,14850,2,3,2,3,3,3,2,1,3,2,1,3,3,2,2,31
1245,760,10,10,0,0,0,0,14850,2,2,2,3,3,3,2,2,3,2,2,3,3,2,2,32
1720,1308,30,20,0,0,0,0,14850,2,2,2,3,3,3,2,2,3,2,2,3,3,2,2,32
1320,1028,20,10,0,0,0,0,14850,2,2,2,3,3,3,2,2,3,2,2,3,3,2,2,32
1250,600,10,10,1,3,0,4,14850,3,3,2,3,3,3,3,2,3,3,2,3,3,2,1,35
995,480,10,10,0,0,0,0,14850,2,2,2,3,3,3,2,2,3,2,2,3,3,2,2,32
1245,700,30,10,0,1,1,4,13045,2,2,2,3,2,3,3,2,3,2,1,3,3,2,0,31
1300,2400,40,20,0,2,1,2,13760,2,2,2,3,2,3,3,1,2,2,1,3,3,2,0,29
